{
  "i18n/i18n.properties": 1720596464426,
  "test/integration/pages/timesheetList.js": 1720596455006,
  "test/integration/pages/timesheetObjectPage.js": 1720596455006,
  "test/integration/opaTests.qunit.js": 1720596454842,
  "test/integration/FirstJourney.js": 1720596455010,
  "test/testsuite.qunit.js": 1720596454514,
  "xs-app.json": 1720599235937,
  "manifest.json": 1720596672776,
  "Component.js": 1720596453902,
  "test/integration/opaTests.qunit-dbg.js": 1720596454842,
  "test/integration/opaTests.qunit.js.map": 1720599248128,
  "test/integration/pages/timesheetObjectPage-dbg.js": 1720596455006,
  "test/integration/pages/timesheetObjectPage.js.map": 1720599248134,
  "test/integration/pages/timesheetList-dbg.js": 1720596455006,
  "test/integration/pages/timesheetList.js.map": 1720599248134,
  "test/integration/FirstJourney-dbg.js": 1720596455010,
  "test/integration/FirstJourney.js.map": 1720599248145,
  "test/testsuite.qunit-dbg.js": 1720596454514,
  "test/testsuite.qunit.js.map": 1720599248131,
  "Component-dbg.js": 1720596453902,
  "Component.js.map": 1720599248133,
  "Component-preload.js": 1720599248274,
  "Component-preload.js.map": 1720599248274,
  "test/integration/opaTests.qunit.html": 1720596454842,
  "test/testsuite.qunit.html": 1720596454318,
  "test/flpSandbox.html": 1720596454318,
  "index.html": 1720596453902
}