{
  "xs-app.json": 1720599235937,
  "test/integration/opaTests.qunit.js": 1720595069452,
  "test/integration/pages/timesheetList.js": 1720595069468,
  "test/integration/pages/timesheetObjectPage.js": 1720595069468,
  "test/integration/FirstJourney.js": 1720595069472,
  "test/testsuite.qunit.js": 1720595069368,
  "i18n/i18n.properties": 1720595078024,
  "manifest.json": 1720596672776,
  "Component.js": 1720595069176,
  "test/integration/opaTests.qunit-dbg.js": 1720595069452,
  "test/integration/opaTests.qunit.js.map": 1720599250733,
  "test/integration/pages/timesheetList-dbg.js": 1720595069468,
  "test/integration/pages/timesheetList.js.map": 1720599250726,
  "test/integration/pages/timesheetObjectPage-dbg.js": 1720595069468,
  "test/integration/pages/timesheetObjectPage.js.map": 1720599250735,
  "test/integration/FirstJourney-dbg.js": 1720595069472,
  "test/integration/FirstJourney.js.map": 1720599250734,
  "test/testsuite.qunit-dbg.js": 1720595069368,
  "test/testsuite.qunit.js.map": 1720599250731,
  "Component-dbg.js": 1720595069176,
  "Component.js.map": 1720599250733,
  "Component-preload.js": 1720599250825,
  "Component-preload.js.map": 1720599250825,
  "test/integration/opaTests.qunit.html": 1720595069448,
  "test/testsuite.qunit.html": 1720595069308,
  "test/flpSandbox.html": 1720595069308,
  "index.html": 1720595069176
}